{"BRIGHTNESS": 0.0645161, "SENSITIVITY": 0.549964}