{"DURATION": 0.208333, "SPEED": 0.125, "ANIMATION": 3, "BRIGHTNESS": 0.0416667, "SENSITIVITY": 0.549964}